{"window_name": "Doki Doki", "dialog_roi": [0.19096509240246407, 0.8028169014084507, 0.6180698151950719, 0.17136150234741784], "prompt_roi": [0.9656699889258029, 0.821917808219178, 0.03433001107419712, 0.1780821917808219], "threshold": {"const": 45, "block_size": 79}, "word_spacing": 7, "max_width": 16}