{"window_name": "VA-11 Hall-A", "dialog_roi": [0.03265940902021773, 0.7770360480640854, 0.6314152410575428, 0.16555407209612816], "prompt_roi": [0.9618226600985221, 0.7886178861788617, 0.038177339901477834, 0.21138211382113822], "threshold": {"const": 5, "block_size": 99}, "word_spacing": 11, "max_width": 15}